"Search products, categories, pages...","Търсене на продукти, категории, страници..."
"Products","Продукти"
"Categories","Категории"
"Pages","Страници"
"Recommended for You","Препоръчано за Вас"
"View all results for","Вижте всички резултати за"
"No results found","Не са намерени резултати"
"Recent Searches","Последни търсения"
"Clear all","Изчисти всичко"
"Browse Categories","Разгледайте категории"
"Recommended Products","Препоръчани продукти"
"Need help? Browse categories","Нуждаете се от помощ? Разгледайте категории"
"Voice search","Гласово търсене"
"Listening...","Слушане..."
"Search","Търсене"
"Add to Cart","Добави в кошницата"
"Categories matching "%1"","Категории за "%1""
"Pages matching "%1"","Страници за "%1""
"Recommended for "%1"","Препоръчани за "%1""
